feature,mean_abs_shap,error_contrib_score
rci,0.0,2.711999740600586
atr,0.0,0.27199974060058807
vix,0.0,2.3280002593994134
