feature,mean_abs_shap
vix_m,0.0009886508460266825
vix_ma3,2.4548344721840414e-05
vix_ma10,1.21612193617489e-05
