feature,coef_abs,std,coef_importance
vix_m,0.0015322630097520484,0.4573138391978173,0.0007007250796505119
vix_z20,0.0013033585864952275,0.3889958285542807,0.0005070010532570472
vix_slope3,0.0009054286251937683,0.2702310491551768,0.00024467492732124134
vix_ma3,0.00024144763338500367,0.07206161310804668,1.739910594284363e-05
vix_pr252,0.00021173081519401367,0.06319243586551544,1.3379785959901012e-05
vix_ma10,0.00016994187570718765,0.050720255677717214,8.619495386219398e-06
gold_ret5,4.6823916960884524e-05,0.01397490189045745,6.543596456552878e-07
oil_ret5,2.241498537663467e-05,0.00668989785233446,1.4995396253125662e-07
